,sprint,mile,intermediate,extended
sprint,1.0,0.7152474728151236,0.9917790736823157,0.6515837655350015
mile,0.7152474728151236,0.9999999999999999,0.7745966692414833,0.4472135954999579
intermediate,0.9917790736823157,0.7745966692414833,0.9999999999999999,0.5773502691896257
extended,0.6515837655350015,0.4472135954999579,0.5773502691896257,1.0
