{
  "sprint": {
    "auc": 0.6135,
    "n_samples": 69309,
    "feature_importance": {
      "sire_enc": 11662.60429763794,
      "dam_sire_enc": 10439.298407554626,
      "distance": 411.1268410682678
    }
  },
  "mile": {
    "auc": 0.6064,
    "n_samples": 93384,
    "feature_importance": {
      "sire_enc": 10899.118478298187,
      "dam_sire_enc": 7147.81187582016,
      "distance": 673.741560459137
    }
  },
  "intermediate": {
    "auc": 0.6145,
    "n_samples": 104136,
    "feature_importance": {
      "sire_enc": 19387.873628139496,
      "dam_sire_enc": 16050.948595762253,
      "distance": 705.9747385978699
    }
  },
  "long": {
    "auc": 0.5795,
    "n_samples": 10973,
    "feature_importance": {
      "sire_enc": 722.3592991828918,
      "dam_sire_enc": 1185.0960459709167,
      "distance": 100.74824047088623
    }
  },
  "extended": {
    "auc": 0.5846,
    "n_samples": 8258,
    "feature_importance": {
      "sire_enc": 2613.271281480789,
      "dam_sire_enc": 2835.5882828235626,
      "distance": 894.2514803409576
    }
  },
  "all": {
    "auc": 0.6119,
    "n_samples": 286060,
    "feature_importance": {
      "sire_enc": 43700.070749759674,
      "dam_sire_enc": 34798.143879175186,
      "distance": 6165.461807489395
    }
  }
}