{
  "sire_map": {},
  "dam_sire_map": {},
  "jockey_map": {
    "▲上里": 0.0,
    "▲佐藤": 0.0,
    "▲和田陽": 0.0,
    "▲小林美": 0.0,
    "▲森田": 0.0,
    "▲橋木": 0.0,
    "▲石田": 0.0,
    "▲石神道": 0.0,
    "▲舟山": 0.6666666666666666,
    "▲遠藤": 0.2,
    "△柴田裕": 0.0,
    "△長浜": 0.25,
    "◇今村": 0.0,
    "◇古川奈": 0.0,
    "◇永島": 0.0,
    "ディー": 0.25,
    "ルメール": 0.8571428571428571,
    "三浦": 0.0,
    "丸山": 0.5,
    "丸田": 0.0,
    "丹内": 0.2,
    "亀田": 0.3333333333333333,
    "佐々木": 0.375,
    "加藤": 0.0,
    "原": 0.0,
    "原田和": 0.0,
    "古川吉": 0.0,
    "吉田豊": 0.5,
    "吉田隼": 0.0,
    "団野": 0.0,
    "国分恭": 1.0,
    "坂井": 0.5,
    "城戸": 0.0,
    "大野": 0.0,
    "小崎": 0.3333333333333333,
    "小林脩": 0.0,
    "岩田康": 0.4444444444444444,
    "岩田望": 0.6,
    "嶋田": 0.0,
    "川田": 1.0,
    "戸崎圭": 0.2,
    "木幡初": 0.0,
    "木幡巧": 0.0,
    "杉原": 0.0,
    "松山": 0.6666666666666666,
    "松本": 0.0,
    "松若": 0.0,
    "柴田善": 0.0,
    "柴田大": 0.25,
    "桜井光": 0.0,
    "横山和": 0.16666666666666666,
    "横山武": 0.3333333333333333,
    "横山琉": 0.125,
    "武藤": 0.14285714285714285,
    "武豊": 0.0,
    "江田照": 0.0,
    "津村": 0.2857142857142857,
    "浜中": 0.0,
    "田辺": 0.5,
    "石川": 0.0,
    "石橋脩": 0.0,
    "石田": 0.0,
    "笹川翼": 0.125,
    "荻野極": 0.2,
    "菊沢": 0.0,
    "西村太": 0.0,
    "西村淳": 0.5,
    "角田和": 0.0,
    "野中": 0.0,
    "長岡": 0.0,
    "黛": 0.0
  },
  "trainer_map": {
    "上原佑": 1.0,
    "上原博": 0.5,
    "中川": 0.5,
    "中竹": 0.0,
    "中舘": 0.0,
    "久保田": 0.5,
    "井上": 0.0,
    "今野": 0.0,
    "伊坂": 0.6666666666666666,
    "伊藤伸": 0.0,
    "伊藤圭": 0.0,
    "伊藤大": 0.0,
    "佐藤吉": 0.0,
    "佐藤悠": 0.5,
    "八木正": 0.0,
    "加藤和": 0.0,
    "加藤誠": 0.0,
    "勢司": 0.5,
    "北出": 0.0,
    "千田": 0.0,
    "千葉": 0.2,
    "友道": 0.0,
    "和田勇": 0.0,
    "和田郎": 0.0,
    "和田雄": 0.0,
    "嘉藤": 1.0,
    "四位": 1.0,
    "坂口": 0.0,
    "堀": 0.5,
    "堀内": 0.0,
    "大久保": 1.0,
    "大和田": 0.0,
    "大竹": 0.6666666666666666,
    "天間": 0.0,
    "奥平": 0.0,
    "奥村武": 0.0,
    "奥村豊": 0.6666666666666666,
    "安達": 1.0,
    "宮地": 1.0,
    "宮田": 0.5,
    "小島": 0.5,
    "小崎": 0.3333333333333333,
    "小手川": 0.0,
    "小栗": 0.0,
    "小椋": 0.0,
    "小笠": 0.0,
    "小野": 0.25,
    "尾形": 0.2,
    "尾関": 0.3333333333333333,
    "岡田": 0.0,
    "岩戸": 0.2,
    "平岩": 0.0,
    "庄野": 0.0,
    "戸田": 0.0,
    "手塚久": 0.6,
    "手塚徳": 0.0,
    "斉藤崇": 0.0,
    "斎藤誠": 0.5,
    "木村": 1.0,
    "本間": 0.0,
    "杉山佳": 0.0,
    "杉山晴": 0.0,
    "杉浦": 0.0,
    "村田": 0.3333333333333333,
    "東田": 0.0,
    "松山": 0.0,
    "松永康": 0.3333333333333333,
    "林": 0.0,
    "柄崎": 0.0,
    "栗田": 0.6,
    "森一": 0.0,
    "森田": 0.0,
    "森秀": 0.0,
    "橋口": 0.0,
    "武井": 0.5,
    "武市": 0.0,
    "武幸": 0.0,
    "武英": 0.0,
    "武藤": 0.0,
    "水野": 0.25,
    "池上": 0.0,
    "池江": 0.3333333333333333,
    "池添": 0.0,
    "河嶋": 0.0,
    "浅利": 0.0,
    "浜田": 0.0,
    "深山": 0.25,
    "清水久": 0.0,
    "清水英": 0.0,
    "渡辺": 0.0,
    "牧": 0.0,
    "田中剛": 0.0,
    "田中勝": 0.0,
    "田中博": 1.0,
    "田島": 0.0,
    "田村": 0.5,
    "畠山": 0.0,
    "相沢": 0.0,
    "矢作": 0.0,
    "矢嶋": 0.0,
    "矢野": 0.3333333333333333,
    "石栗": 0.0,
    "福永": 0.5,
    "竹内": 0.0,
    "粕谷": 0.0,
    "緒方": 1.0,
    "荒川": 0.0,
    "菊川": 0.0,
    "菊沢": 0.0,
    "萩原": 1.0,
    "萱野": 0.0,
    "藤原": 0.0,
    "藤野": 0.0,
    "蛯名正": 0.0,
    "西園翔": 0.0,
    "西村": 0.0,
    "西田": 0.0,
    "角田": 0.0,
    "谷": 0.0,
    "辻野": 0.0,
    "野中": 0.0,
    "金成": 0.0,
    "鈴木伸": 0.0,
    "鈴木慎": 0.0,
    "長谷川": 1.0,
    "青木": 0.0,
    "飯田": 0.0,
    "高木": 0.0,
    "高柳大": 1.0,
    "高柳瑞": 0.0,
    "高橋一": 0.0,
    "高橋康": 0.0,
    "高橋忠": 0.0,
    "高橋文": 0.0,
    "高野": 0.0,
    "鹿戸": 0.6666666666666666,
    "黒岩": 0.0
  }
}